factor,coefficient,weight_abs_pct,feature_mean,feature_std
etf_flow_pressure,0.007827338643157202,40.3250906979829,30.339294421735524,48.1800285950986
real_yield_pressure,0.004478170838091349,23.07075922477997,-0.010330578512396691,0.15562156835101285
futures_position_pressure,-0.002371064842284094,12.215314703355979,0.0036669469317394433,0.17834189346688112
momentum_pressure,0.0020409001139860437,10.514363304564382,0.025003591988051955,0.04813920693760217
dollar_pressure,-0.0016574379463598467,8.538832745107923,0.0003412680516545763,0.012725856388590933
market_risk_pressure,-0.001035679155221793,5.33563932420885,0.21181818181818174,5.557602194180537
