factor,coefficient,weight_abs_pct,feature_mean,feature_std
etf_flow_pressure,0.003855071531806402,30.33572158717208,29.576632524596764,47.91280945018147
futures_position_pressure,-0.0025136260639190473,19.779830236658956,0.003908747591188442,0.18088776627661493
real_yield_pressure,0.002337977949616783,18.397647766418647,-0.011370967741935481,0.15754331036574978
momentum_pressure,0.0021940279989664533,17.264899491999632,0.025155133045997598,0.05015816126853418
market_risk_pressure,0.0014100156039872547,11.095472663274487,0.14999999999999997,5.548306483847993
dollar_pressure,-0.000397307330416791,3.126428254476194,0.00016335133677310815,0.012725407648845938
